{
  "category": "parcool:category_support_features",
  "icon": "minecraft:potion{\"Potion\":\"parcool:energy_drink\"}",
  "name": "Энергетический напиток",
  "pages": [
    {
      "text": "Зачастили уставать? Давайте $(strike)изменим значения в настройках$() сварим $(bold)энергетический напиток$(). С ним вы сможете выполнять трюки ParCool, не теряя выносливости!",
      "type": "patchouli:text"
    },
    {
      "item": "minecraft:potion{\"Potion\":\"parcool:energy_drink\"}",
      "text": "Энергетик можно сварить с помощью зельеварки.$(br2)Рецепт: $(list)[мутное зелье] + [незер-кварц]$(list)[энергетический напиток низкого качества] + [незер-кварц]",
      "title": "Варка энергетика",
      "type": "patchouli:spotlight"
    },
    {
      "item": "minecraft:potion{\"Potion\":\"parcool:poor_energy_drink\"}",
      "text": "Энергетик низкого качества — упрощённая версия обычного энергетика. Его легко сварить, но у него есть побочные эффекты.$(br2)Рецепт:$(list)[мутное зелье] + [ядовитый картофель]$(list)[мутное зелье] + [курятина]",
      "title": "Энергетик низкого качества",
      "type": "patchouli:spotlight"
    }
  ]
}