{
  "name": "Пассивные действия",
  "icon": "minecraft:brick",
  "category": "parcool:category_support_features",
  "pages": [
    {
      "type": "patchouli:text",
      "text": "ParCool добавляет некоторые пассивные способности и анимации."
    },
    {
      "type": "patchouli:text",
      "title": "Анимация падения",
      "text": "Добавлена новая анимация для длительного падения. Если она покажется вам раздражающей, вы можете отключить её в настройках."
    }
  ]
}