{
  "category": "parcool:category_actions",
  "icon": "minecraft:slime_ball",
  "name": "Мягкая посадка",
  "pages": [
    {
      "text": "$(bold)Мягкая посадка$() — это категория навыков, защищающих людей от удара при приземлении.$(br)В этом моде доступны $(bold)кувырок$() и $(bold)безопасное касание$().",
      "type": "patchouli:text"
    },
    {"type": "patchouli:empty"},
    {
      "text": "$(bold)Кувырок$() — это один из приёмов мягкой посадки. Он превращает силу удара при приземлении в энергию для кувырка.$(br2)Это часто неправильно понимают, но $(italic)кувырок$() в паркуре — это техника приземления, поэтому кувырок в ParCool используется только при приземлении.",
      "title": "Кувырок",
      "type": "patchouli:text"
    },
    {
      "text": "$(list)Приземлитесь, удерживая клавишу движения вперёд или назад и клавишу мягкой посадки$(br)(по умолчанию назначена на клавишу R).",
      "title": "Как провернуть",
      "type": "patchouli:text"
    },
    {
      "text": "$(bold)Безопасное касание$() — это один из приёмов мягкой посадки. Оно снижает силу удара, сгибая ноги.$(br2)Говоря об этом, как Стив вообще сгибает ноги?",
      "title": "Безопасное касание",
      "type": "patchouli:text"
    },
    {
      "text": "$(list)Приземлитесь, удерживая клавишу мягкой посадки ($(k:parcool.Breakfall)).",
      "title": "Как провернуть",
      "type": "patchouli:text"
    }
  ]
}
