{
  "category": "parcool:category_actions",
  "icon": "minecraft:cat_spawn_egg",
  "name": "Кошачий прыжок",
  "pages": [
    {
      "text": "$(bold)Кошачий прыжок$() — это навык, который используется для прыжка и цепляния за верхушки стен, заборов и т. д.$(br)Считается одним из базовых навыков паркура.$(br)Трейсеры смягчают приземление движением ног.$(br2)В этом моде это реализовано как длинный прыжок. Будьте осторожны с временем восстановления.",
      "type": "patchouli:text"
    },
    {
      "text": "$(bold)1.$() $(l:parcool:actions/fast_run)Быстро побегите$();$(br)$(bold)2.$() Быстро присядьте;$(br)$(bold)3.$() Быстро отмените приседание.$(br2)Рекомендуется также использовать $(l:parcool:actions/cling_to_cliff)зацепление за выступ$().",
      "title": "Как провернуть",
      "type": "patchouli:text"
    }
  ]
}