{
  "category": "parcool:category_actions",
  "icon": "minecraft:stone",
  "name": "Зацепление за выступ",
  "pages": [
    {
      "text": "Вы можете цепляться за выступы.$(br)Также можно подтянуться на выступ, нажав клавишу прыжка.",
      "type": "patchouli:text"
    },
    {
      "border": "true",
      "images": ["parcool:textures/gui/entries/image_cling_cliff.png"],
      "type": "patchouli:image"
    },
    {
      "text": "$(list) Нажмите клавишу зацепления за выступ ($(k:parcool.ClingToCliff)) у стены.$(br)",
      "title": "Как провернуть",
      "type": "patchouli:text"
    }
  ]
}
