{
  "category": "parcool:category_actions",
  "icon": "minecraft:nautilus_shell",
  "name": "Ползание",
  "pages": [
    {
      "text": "Вы можете ползать где угодно и проходить через узкие проходы.$(br)Также вам стоит попробовать $(l:parcool:actions/slide)скользить$().",
      "type": "patchouli:text"
    },
    {
      "text": "$(list) Нажмите клавишу ползания ($(k:parcool.Crawl)).",
      "title": "Как провернуть",
      "type": "patchouli:text"
    }
  ]
}