{
  "category": "parcool:category_actions",
  "icon": "minecraft:cod",
  "name": "Погружение",
  "pages": [
    {
      "text": "ParCool имеет специальную анимацию прыжка: $(bold)погружение$(). Давайте посмотрим на неё от третьего лица. Если снова нажать клавишу прыжка через несколько секунд, погружение превратится в свободное падение.",
      "type": "patchouli:text"
    },
    {
      "border": "true",
      "images": [
        "parcool:textures/gui/entries/image_dive.png"
      ],
      "type": "patchouli:image"
    },
    {
      "text": "$(bold)1.$() $(l:parcool:actions/fast_run)Быстро побегите$();$(br)$(bold)2.$() Прыгните с высокой точки, где есть достаточно свободного пространства.",
      "title": "Как провернуть",
      "type": "patchouli:text"
    }
  ]
}