{
  "category": "parcool:category_actions",
  "icon": "minecraft:arrow",
  "name": "Уклонение",
  "pages": [
    {
      "text": "$(bold)Уклонение$() — это действие, позволяющее уклоняться от пуль или стрел. С помощью него вы можете быстро перемещаться на короткие расстояния. $(br)Однако не забывайте про время на восстановление!",
      "type": "patchouli:text"
    },
    {
      "text": "$(list)Дважды нажмите клавишу перемещения (не получится с клавишей движения вперёд)$(list)или нажмите клавишу перемещения, а потом клавишу уклонения ($(k:parcool.Dodge)).",
      "title": "Как провернуть",
      "type": "patchouli:text"
    }
  ]
}