{
  "category": "parcool:category_actions",
  "icon": "minecraft:diamond_boots",
  "name": "Быстрый забег",
  "pages": [
    {
      "text": "Теперь вы паркур-мастер! Вы можете бегать быстрее, чем раньше. Некоторые другие действия требуют использования этой способности.$(br)Если вас раздражает эта функция, попробуйте изменить настройки.",
      "type": "patchouli:text"
    },
    {
      "text": "$(list) Держите нажатой клавишу быстрого бега ($(k:parcool.FastRun)) во время обычного бега.",
      "title": "Как провернуть",
      "type": "patchouli:text"
    }
  ]
}