{
  "category": "parcool:category_actions",
  "icon": "minecraft:blaze_powder",
  "name": "Сальто",
  "pages": [
    {
      "text": "ParCool добавляет специальную анимацию прыжка: сальто. Вы можете выполнять как переднее сальто, так и заднее.",
      "type": "patchouli:text"
    },
    {
      "text": "$(list)Нажмите одновременно клавиши движения влево и вправо$(list)или нажмите клавишу сальто ($(k:parcool.Flipping)).",
      "title": "Как провернуть",
      "type": "patchouli:text"
    }
  ]
}