{
  "category": "parcool:category_actions",
  "icon": "minecraft:stone",
  "name": "Свисание",
  "pages": [
    {
      "text": "Вы можете свисать, держась за некоторые блоки, такие как цепи или стержни Энда.$(br)Также вы можете двигаться и прыгать вперёд, нажав клавишу прыжка.",
      "type": "patchouli:text"
    },
    {
      "border": "true",
      "images": [
        "parcool:textures/gui/entries/image_hang_down.png"
      ],
      "type": "patchouli:image"
    },
    {
      "text": "$(list) Нажмите клавишу свисания($(k:parcool.HangDown)), находясь под горизонтальными тонкими блоками.$(br)",
      "title": "Как провернуть",
      "type": "patchouli:text"
    }
  ]
}