{
  "category": "parcool:category_actions",
  "icon": "minecraft:bricks",
  "name": "Горизонтальный бег по стене",
  "pages": [
    {
      "text": "Вы можете бегать по стене в горизонтальном направлении. Однако, если стена скользкая, это сделать не получится.$(br)Иногда возникает путаница, но техника $(italic)бега по стене$() изначально предназначена для вертикального перемещения, а не горизонтального.",
      "type": "patchouli:text"
    },
    {
      "border": "true",
      "images": [
        "parcool:textures/gui/entries/image_wall_run.png"
      ],
      "type": "patchouli:image"
    },
    {
      "text": "$(bold)1.$() $(l:parcool:actions/fast_run)Быстро побегите$() в воздухе вдоль стены;$(br)$(bold)2.$() Продолжайте удерживать клавишу бега по стене ($(k:parcool.HorizontalWallRun)).",
      "title": "Как провернуть",
      "type": "patchouli:text"
    }
  ]
}