{
  "category": "parcool:category_actions",
  "icon": "minecraft:iron_helmet",
  "name": "Быстрый разворот",
  "pages": [
    {
      "text": "Иногда вам может понадобиться быстро развернуться назад. Чтобы сделать это, достаточно нажать одну клавишу.",
      "type": "patchouli:text"
    },
    {
      "text": "$(list)Нажмите клавишу быстрого разворота ($(k:parcool.QuickTurn)).",
      "title": "Как провернуть",
      "type": "patchouli:text"
    }
  ]
}