{
  "category": "parcool:category_actions",
  "icon": "minecraft:yellow_dye",
  "name": "Скольжение",
  "pages": [
    {
      "text": "$(bold)Скольжение$() — это действий, основанное на $(l:parcool:actions/crawl)ползании$(). С помощью него вы можете быстро проходить через узкие пространства.",
      "type": "patchouli:text"
    },
    {
      "text": "$(list)Совмещайте ползание с быстрым бегом.",
      "title": "Как провернуть",
      "type": "patchouli:text"
    }
  ]
}