{
  "category": "parcool:category_actions",
  "icon": "minecraft:oak_fence",
  "name": "Преодоление препятствий",
  "pages": [
    {
      "text": "$(bold)Этот навык$() позволяет преодолевать преграды, такие как заборы.$(br)Существует множество его вариаций. В этой игре можно использовать $(italic)скоростное$() и $(italic)конг-преодоление.$()",
      "type": "patchouli:text"
    },
    {
      "border": "true",
      "images": [
        "parcool:textures/gui/entries/image_vault.png"
      ],
      "title": "$(italic)Скоростное преодоление$()",
      "type": "patchouli:image"
    },
    {
      "text": "$(bold)1.$() $(l:parcool:actions/fast-run)Быстро побегите$();$(br)$(bold)2.$() Столкнитесь с преградой.",
      "title": "Как провернуть",
      "type": "patchouli:text"
    }
  ]
}