{
  "category": "parcool:category_actions",
  "icon": "minecraft:leather_boots",
  "name": "Прыжок от стены",
  "pages": [
    {
      "text": "Вы можете отталкиваться от стен для выполнения дополнительных прыжков. Но будьте осторожны: вы не сможете набрать высоту, если будете отталкиваться от ледяных блоков!",
      "type": "patchouli:text"
    },
    {
      "text": "$(list)Нажмите клавишу прыжка от стены ($(k:parcool.WallJump)) в воздухе возле стены.",
      "title": "Как провернуть",
      "type": "patchouli:text"
    }
  ]
}