{
  "category": "parcool:category_actions",
  "icon": "minecraft:stone_bricks",
  "name": "Бег по стене",
  "pages": [
    {
      "text": "Вы можете прыгнуть вверх, используя стену, чтобы перепрыгнуть через неё. Но если стена скользкая, сделать это будет невозможно. Не путать с $(l:parcool:actions/horizontal_wall_run)горизонтальным бегом по стене$().",
      "type": "patchouli:text"
    },
    {
      "border": "true",
      "images": [
        "parcool:textures/gui/entries/image_v_wall_run.png"
      ],
      "type": "patchouli:image"
    },
    {
      "text": "$(bold)1.$() Посмотрите выше горизонтальной линии и $(l:parcool:actions/fast_run)быстро побегите$();$(br)$(bold)2.$() Прыгните на стену, не отпуская клавишу прыжка.$(br)$(br)Это может быть немного сложно, но оно того стоит.",
      "title": "Как провернуть",
      "type": "patchouli:text"
    }
  ]
}