{
  "category": "parcool:category_actions",
  "icon": "minecraft:sand",
  "name": "Скольжение по стене",
  "pages": [
    {
      "text": "Вы можете медленно спускаться, прижимаясь к стене. Эта возможность зависит от скользкости блоков, поэтому игроки не смогут замедлить падение на стене из ледяных блоков.",
      "type": "patchouli:text"
    },
    {
      "text": "$(list)Нажмите клавишу скольжения по стене ($(k:parcool.WallSlide)), находясь в воздухе у стены.",
      "title": "Как провернуть",
      "type": "patchouli:text"
    }
  ]
}