{
  "category": "parcool:category_about",
  "icon": "minecraft:golden_boots",
  "name": "Что такое паркур?",
  "pages": [
    {
      "text": "$(italic)Паркур$() — это вид спорта, организованный $(italic)Дэвидом Беллем$().$(br)Это вид спорта, при котором человек собственными усилиями старается как можно быстрее переместиться из одного места в другое.$(br2)Название происходит от французского слова $(italic)parcours$(), а игроков называют $(italic)Traceur$().$(br)Иногда паркур называют $(italic)Free Running$(), что считается английским переводом паркура.",
      "type": "patchouli:text"
    }
  ],
  "sortnum": 2
}