{
  "category": "parcool:category_about",
  "icon": "minecraft:feather",
  "name": "Что такое ParCool?",
  "pages": [
    {
      "text": "Спасибо, что играете с моим модом!$(br2)Этот мод для Minecraft Forge $(bold)круто$() расширяет возможности игрока, так как он добавляет, не поверите, $(bold)паркур$()!$(br)Некоторые трюки, представленные в моде, основаны на трюках настоящего паркура.$(br2)Теперь вы станете паркур-мастером. Так давайте же пропаркурим весь мир Minecraft!",
      "type": "patchouli:text"
    },
    {
      "images": [
        "parcool:textures/gui/entries/logo_round.png"
      ],
      "type": "patchouli:image"
    }
  ],
  "sortnum": 1
}