{
  "category": "parcool:category_about",
  "icon": "minecraft:written_book",
  "name": "Благодарности",
  "pages": [
    {
      "text": "Список разработчиков и переводчиков мода.$(br2)И конечно я благодарен и тем, кто вносил вклад в мод, но не попал в этот список.",
      "type": "patchouli:text"
    },
    {
      "text": "Основная разработка$()$(italic)$(list)alRex-U$()$(br2)Исправление ошибок$()$(italic)$(list)JulyLynn",
      "title": "Разработчики мода",
      "type": "patchouli:text"
    },
    {
      "text": "$(bold)en_us$()$(italic)$(list)alRex-U",
      "title": "Переводчики (английский)",
      "type": "patchouli:text"
    },
    {
      "text": "$(bold)ja_jp$()$(italic)$(list)alRex-U",
      "title": "Переводчики (японский)",
      "type": "patchouli:text"
    },
    {
      "text": "$(bold)ch_zn$()$(italic)$(list)CatalystGinger$(list)GuoDaiYi$(list)njt-233",
      "title": "Переводчики (китайский)",
      "type": "patchouli:text"
    },
    {
      "text": "$(bold)fr-fr$()$(italic)$(list)COwOkie",
      "title": "Переводчики (французский)",
      "type": "patchouli:text"
    },
    {
      "text": "$(bold)pt-br$()$(italic)$(list)FITFC",
      "title": "Переводчики (бразильский)",
      "type": "patchouli:text"
    },
    {
      "text": "$(bold)es-es$()$(italic)$(list)GhostOfCazador",
      "title": "Переводчики (испанский)",
      "type": "patchouli:text"
    },
    {
      "text": "$(bold)ru-ru$()$(italic)$(list)Дефлекта",
      "title": "Переводчики (русский)",
      "type": "patchouli:text"
    }
  ],
  "sortnum": 5
}