{
  "category": "parcool:category_about",
  "icon": "minecraft:paper",
  "name": "ЧАВО",
  "pages": [
    {
      "text": "Часто задаваемые вопросы",
      "type": "patchouli:text"
    },
    {
      "text": "$(bold)В. Клавиши мода конфликтуют!!$()$(br2)$(bold)О. Не беспокойтесь. ParCool рассчитан на стандартные клавиши.$()$(br)Они могут конфликтовать по той причине, что для ParCool требуется использовать несколько клавиш, и у него много назначений, что можно настроить на свой лад.",
      "type": "patchouli:text"
    },
    {
      "text": "$(bold)В. Мод есть на Fabric?$()$(br2)$(bold)О. Нет.$()$(br)В данный момент разработчик не планирует портировать этот мод на Fabric.",
      "type": "patchouli:text"
    }
  ],
  "sortnum": 4
}