{
  "name": "Выносливость",
  "icon": "minecraft:golden_apple",
  "category": "parcool:category_about",
  "sortnum": 3,
  "pages": [
    {
      "type": "patchouli:text",
      "text": "Этот мод добавляет в игру механику выносливости.$(br2)Выносливость расходуется при выполнении трюков ParCool. Когда вы исчерпываете выносливость, на вас налагаются ограничения:$(list)вы не можете бегать;$(list)вы не можете выполнять трюки ParCool.$(br)Будьте осторожны."
    }
  ]
}
